-- phpMyAdmin SQL Dump
-- version 4.9.1
-- https://www.phpmyadmin.net/
--
-- Host: localhost
-- Generation Time: Jun 20, 2021 at 02:43 PM
-- Server version: 8.0.17
-- PHP Version: 7.3.10

SET SQL_MODE = "NO_AUTO_VALUE_ON_ZERO";
SET AUTOCOMMIT = 0;
START TRANSACTION;
SET time_zone = "+00:00";


/*!40101 SET @OLD_CHARACTER_SET_CLIENT=@@CHARACTER_SET_CLIENT */;
/*!40101 SET @OLD_CHARACTER_SET_RESULTS=@@CHARACTER_SET_RESULTS */;
/*!40101 SET @OLD_COLLATION_CONNECTION=@@COLLATION_CONNECTION */;
/*!40101 SET NAMES utf8mb4 */;

--
-- Database: `stoupetshop`
--

-- --------------------------------------------------------

--
-- Table structure for table `camera`
--

CREATE TABLE `camera` (
  `CAM_NUM` varchar(10) CHARACTER SET utf8 COLLATE utf8_general_ci NOT NULL,
  `CAM_STATUS` varchar(10) NOT NULL,
  `PET_ID` int(11) DEFAULT NULL
) ENGINE=InnoDB DEFAULT CHARSET=utf8;

--
-- Dumping data for table `camera`
--

INSERT INTO `camera` (`CAM_NUM`, `CAM_STATUS`, `PET_ID`) VALUES
('CAM_01', 'Enable', 1),
('CAM_02', 'Enable', 2),
('CAM_03', 'Disable', NULL),
('CAM_04', 'Disable', NULL);

-- --------------------------------------------------------

--
-- Table structure for table `customer`
--

CREATE TABLE `customer` (
  `CS_ID` int(11) NOT NULL,
  `CS_NAME` varchar(30) NOT NULL,
  `CARD_NUM` varchar(15) NOT NULL,
  `CS_ADDR` varchar(40) NOT NULL,
  `CS_PHONE` varchar(15) NOT NULL,
  `CS_MAIL` varchar(30) NOT NULL,
  `URGT_CONT` varchar(30) NOT NULL
) ENGINE=InnoDB DEFAULT CHARSET=utf8;

--
-- Dumping data for table `customer`
--

INSERT INTO `customer` (`CS_ID`, `CS_NAME`, `CARD_NUM`, `CS_ADDR`, `CS_PHONE`, `CS_MAIL`, `URGT_CONT`) VALUES
(1, 'สุรชาติ สอนระเบียบดี', '1111111111111', 'ชลบุรี', '092-232-3488', 'Surachat@test.com', '099-999-9999'),
(2, 'มธุรส สายทอง', '1111111111112', 'กรุงเทพ', '092-332-3456', 'Mathurot@test.com', '089-988-8273'),
(3, 'กุญชร มากผู้ดี', '1111111111113', 'กรุงเทพ', '028-345-332', 'Kunchon@test.com', '099-283-4587');

-- --------------------------------------------------------

--
-- Table structure for table `employee`
--

CREATE TABLE `employee` (
  `EM_ID` int(11) NOT NULL,
  `EM_NAME` varchar(30) NOT NULL,
  `EM_POST` varchar(50) CHARACTER SET utf8 COLLATE utf8_general_ci NOT NULL,
  `EM_CONT` varchar(40) NOT NULL,
  `EM_USER` varchar(20) NOT NULL,
  `EM_PASSWORD` varchar(30) NOT NULL
) ENGINE=InnoDB DEFAULT CHARSET=utf8;

--
-- Dumping data for table `employee`
--

INSERT INTO `employee` (`EM_ID`, `EM_NAME`, `EM_POST`, `EM_CONT`, `EM_USER`, `EM_PASSWORD`) VALUES
(1, 'Surachai Sirisart', 'ผู้ดูแลสัตว์', '082-222-2222', 'Surachai', 'Surachai@1'),
(2, 'Adisorn Bonsong', 'ผู้ดูแลสัตว์', '089-234-5678', 'Adisorn', 'Adisorn@2'),
(3, 'Passkorn Roungrong', 'สัตวแพทย์', '099-634-5448', 'Passkorn', 'Passkorn@3'),
(5, 'Suphakit noppornchai', 'ฝ่ายไอที', '089-234-8564', 'Suphakit', 'Suphakit@5'),
(6, 'Weerachai Nukitram', 'ผู้ช่วยสัตว์แพทย์', '082-993-4564', 'Weerachai', 'Weerachai@6');

-- --------------------------------------------------------

--
-- Table structure for table `invoice`
--

CREATE TABLE `invoice` (
  `INV_NUM` int(11) NOT NULL,
  `SERVPRO_NUM` int(11) NOT NULL,
  `INV_DATE` date NOT NULL,
  `INV_DUE` date NOT NULL
) ENGINE=InnoDB DEFAULT CHARSET=utf8;

--
-- Dumping data for table `invoice`
--

INSERT INTO `invoice` (`INV_NUM`, `SERVPRO_NUM`, `INV_DATE`, `INV_DUE`) VALUES
(1, 1, '2021-06-11', '2021-06-14'),
(2, 2, '2021-06-18', '2021-06-21'),
(3, 3, '2021-06-17', '2021-06-21');

-- --------------------------------------------------------

--
-- Table structure for table `pet`
--

CREATE TABLE `pet` (
  `CS_ID` int(11) NOT NULL,
  `PET_ID` int(11) NOT NULL,
  `PET_NAME` varchar(10) NOT NULL,
  `PET_TYPE` varchar(20) NOT NULL,
  `PET_PHOTO` mediumblob NOT NULL,
  `CAM_NUM` varchar(5) CHARACTER SET utf8 COLLATE utf8_general_ci DEFAULT NULL
) ENGINE=InnoDB DEFAULT CHARSET=utf8;

--
-- Dumping data for table `pet`
--

INSERT INTO `pet` (`CS_ID`, `PET_ID`, `PET_NAME`, `PET_TYPE`, `PET_PHOTO`, `CAM_NUM`) VALUES
(1, 1, 'Bo', 'สุนัข', '', NULL),
(2, 2, 'Sunny', 'กระต่าย', 0xffd8ffe000104a46494600010100000100010000ffdb0084000a0708161515181516151918181a181c18181a1a19181a1a181a1c181a1a1a1c1a1a1d212e261c1e2d211c182638262b2f313535361e243b403b343f2e343531010c0c0c100f101f12121f342b252b34343434343634343d3434343434343434343434343134343434343434343434343434343434343434343434343434343434ffc000110800c4010203012200021101031101ffc4001c0000010403010000000000000000000000000104060702030508ffc4004010000103020306030506050303050000000100021103210412310506415161712281910713a1b1c1324252d1e1f014236272f18292c224b2b316335373a2ffc400190101000301010000000000000000000000000203040105ffc400251100030002020105000301010000000000000102031112213104224151613271811323ffda000c03010002110311003f00b510842004210801050828044210801084200421080122542031284388024d8734caa6d7c3b4c3abd307abdbf9ae6f47526c7a85ca1bc585248188618d60cc7984f2963e93cc36a31c7907349f494e4bec71687290a558ae9c0421080428414201160566562e402242956250021084008421002108403c42104a004225128009492842004210801084200426f8fc6b28b1d52a38358d1249f901c4f4500da7ed2ec450a304fd97d4770e791ba9f351749793aa5bf04f31fb469d06e7aaf0c1c2753d1ad1771eca15b5b7edce25b86686b7ff0091e25c7fb59c3ce7b0508c5e3ead77fbcaaf2f3c493e16f4022c34b058bc70cdd7cbea7ebc955591bf05d38d7963dc5ed0ad5cff0032abdf69824e5d260010349e0b451687401c7e5cba9d53679004cde41e20ff009d085b7645622ab49874b9a748162098eed553ecb52d781ee50c6b604cc3afc8c03de0fd1634b14c3d492018ea74fdfd16cdf2aa0546b45a279d8486803d3d657230cf805c7c3f788e274f8f4eab9a5a3be5921c36d52c766a750821dc0c3795e6d1c2f3d948b01bec5a3f9cdcc2c03d9e13aea5ae81e42fd157546b83200394f5e3a0d3cfd3cc6d975af988e40dbd3caebb2dcf864692af28b9301b7f0f5a032ab731fbaef0ba7943b53d974d5115496917b4f2693a6b04f5d21493626fa54c386b6acbe99e2e3fcc6c7e11cba4aba727d94d63fa2d342e76c9db14712ccf45e1ede31ab4f27375053f957150ab1725958940090a54850088421002108400842100ed0842004210801084200421080135da3b429e1e9baad578631bab9df0006a49e005ca74a8cf687b75f8bc4398d27dcd271631b3673859cf3d4dc0e9dca8d56894ceccb7a77c3f8ea832b4b295327234c4bbfadc3838f2e03cd47d8fcc6648bda600eba15c8c29f110448e3d3d177b0d4b396b1aeefa8b4f2e4aabebb2d8dbe8eaecac317de413ca4e68ed224765d1c7ec77b1a0b6088b0fd26c3f3f31dfd8bb343582c008981981d23301371cff0035d6c4615af61cbc07793c7e4bcfbccd3da364c2d699533b5332041bf190788fdf05bb08cf1304eae89d06a083d2d97d176b6c6c82c73bc3205c46bcfce6fe9d6fcdc36149a8d646b049f237ee63e215f36a97442a5c996f4e63897820805c409e009cb6e57cfea99330ee7088b113a7002e7bda3cfaa966fa60a2bd381399b9bb89cf73dcba12ecdd960ba5c395b9dc91e511e8976a51c99e436d8db10101ce6f61e5faa7f8fd8c6f05c0004c481caf7b4f7f9293370ed6b6c3f7c1352e8f13cc499004f58f87a2c9ff004ae5b2e6a5ad220552880e2dc86781d0c795885c1daae7309b80664475fdfc559d8fd80dac0bda3c479b66795c081defaaaef79303529d9f2d709178123a5a485bf152a325ad1a3616d1af87a82a52716b8ea07d978e4f6e842be36663055a4ca9a666824723c47acaa4f74f0a1f726fc2da429eeeeed2142b1a2f30d7fd9bd83b86bc0e93d94a737fe9c4e562f6722760a256b0e5902b5198ca522108010842004210801084201da1084008421002108400848b99bc7b47f86c355ad233318724f179b307a90808e6f7ef2c546e1693af23deb81b8274608e3c4f90e6b81b6f0149948973418122da79050fa78ef1073cc9cf9dc4dc925d24f5e2a55bdf8d02916cdc80447111d979bea5d3c93a3d0f4f32a595f60691a953231a73174002e4927a2b7377b73e9d26875401ef37be83a017122ea1becdb061d52a5575f29cadfee3af730ac0dafbd187c288a950678fb2d20bb4b78787cd4b35d557092113a5c98e713543080d9207081a7402fe9e8b7d02082445ef6f4fa280d2dfea55cbd8e0693b5a0fb16978d1af10201e7f2523d8bb6db886073601fbcde21c2ce07acfaac59b15c2db4688735d27d8e7695005d244cfd6cb46036535f5040fd482d75fd084b88c407189523dddc3d8b88173f4ff002a7e993ab48677c63b39bbdf8205f4aa449cb97a44ae7b18d0038686234b81a7ccfc14a37a684b1847dd77cc45badd44b1356193170247681fad95bea6756caf056e50f7138c686c93c570f1db425cd0dbbc8f0817ee63d132abb41a730d4804c7551fd9d8c7beabb2546507542ea42ad4765652a6d687d47826c1d70071b8ee238703b65992e71a2c7d98faa6d9f4b1b489e4b56f06cb662a8ba9bb2e7009611cf97383a10ab6dbd86c4ecca8c34719ef9afa62ab6a53748734922ed24c8e3a917525dd5df1762416d50d151a2730b0783adb81fd168bc3589725e119a724e47afb223bb35cd3aae61b10e22fcc18e5fbe2a41b7eb9cfc5b0d69d7bdc7e6b89b599eef1ef8fbcf0e163f7803cafaea9e6f35522a3638b00e1d786a171a4f22a5f289f8c7afa65a9bb5b55b89a0c7b4dc0c8f1370f004fad88eebae0aa73d9fedd6e1f1191e406558613301ae07c048e126de6ae1695ba5ed18a9699b01592d60acc2911150842004210801084201d2558ca25019249488402a25221002ac3da8ef031e5b856383b23b3d58360e021acee2493e4a6dbdbb63f84c2beb08cf19580f17bacdef1af92f3dd5ac49924926e49d4926e4f551a7f04a7ec71505b4d7fc294ef309a54ad1e06f0be82dfe1435d5654e09f7d85666b100b6798d44795bc962ccb4d3fd36e07b4d7e1cfdd9da0da1847ba6f9dc7a981600f2efcca88b18eaef7973897919803abcccc7a680291eedece6d60f6cce571817837e8b97b5304454c8ff0bda603802246a3cf8f9ab7139574be48669a78e5fc1626c4dbf856576e13ddd375134f3d42fa0da6e7d73e12c836630309124400224012611b2f1668e25f95de1767cc0196cc91209fb4db4cf15a68e072e673aa3dce02c731b1891c7eaba7bbfb2195716035c5ed65305f2665c0c1d4830accad717bf05585354b44a36235f51c5e78e82387313afe8aced8b87c8c1791a8ec7f7c571765ec7d06586eb671f8022da7c3aa95d0a795a072b2a3d36369ba68b7d46455ed435db3433b23a8f9ff009510c4612e47d3f7cca9d56a79811cd73713b2a4430c7d54f3e174f922bc3914ad32acc7ecb2d739c0074dee38eb03e6a1d89ce5843a9e6a60b98441680e6b896bd8ed0381ce20d88911a117463f6539b0488fedbfa4a81ef1ecb7b1aecaccf4dcece47161265da6b727e5754e1c8e2b8d745f952b94e7b20b5013969e4735ce6b584bdb95ad0d1120dc91104902f78175dac2e0698aadf704b4c31ac3605ed606e67b9b3ab9d99d975032f195850c1625c72063f2f52ecb1cfd14d777377fddc3dc4126f1cb51d8abb3e6951f6cab1637cb6fa441f6c979c630b8788641e92937a3139abc5acc6b4dcd8c49d7ba7fb4c97ed1783a35e1a2c05801cba92b81b7dfff005152f30f20474b0d5578d6e97e22dc8f52dfdb189209240b68ad4f66bbc86a34e1aaba5ec134c9377306ad93a916f2ecaa60e82ba5b2f1afa2f6556187b0c8e3d083d0891e6b5ae8c6fb3d0ed2b3098eccc6b6b5265561f0bda1c3a4ea3b8323c93c054c81984ab159040084210021084039421080108420042145f7fb78061b0e58d3fcdaa0b191ab47de7f90303a9080ae7da2edff00e2711918e9a54a5ac1c1cfd1cfebc8741d541aa3a4a7d88365cf7eaa048cc0d14f7732ae763d84e90e1c648b47a47a7450265e175f64e35d4eab083003c66e506c67e2a8cd3ca5a2fc35c69324fb11a28e32a348ca0b89b4375b883a1522afb369d5797403e121b37826d2785973f6a61f2d563c5f308246bcc69c3f25d3a4c26f79220af3ea9b6a91e824b4e46dff00a6691312638193264cdc1f2f45dadd2d82c6176405a244983c3a8e3af1461d903499b0e36faf7534d9987c8c6b62f126381e416ac0ab2bf778464ccd42f6f91cd0a41a0002c3a93f12b64ac1f5437529855da6d0616e753262d3674921780b94fda83989e0b40dbcccd95c441e20ae7fd27ecef17f4771cd0e17008f551ddb1b3037c6d6db8c47c84597768d4044b4c84ae87020ae64c736b4cec5b87b44268615a0e60d023e16f88fdd96c357c5311e7eb63e4b7ed2a1eede470275e879fc973ea1c80dcd81235d3a1fcd795925cbd33d09a54b657ec87e3ab3869ef1dc758898e8a238a792f738cc9275d759faa9252a85a6b577492ecf94dc4974c083d2ea34f932667f55b70aedbfe914667ed4bfb1ab8dd38c3bacb4e592b730468b4998b23d99ede6b270af3199c5d48f0cc47899d262479f4566b579f70151cd735ec30e6b839a7910642bdb6463857a2caa04676c91c8e8e1ea0aecbf838d0f8255884aa44454a912a0042108071295628402a558a1018e26b358c73dc61ad69738f20049543ef1ed67e2ab3abbc47dd63468d6026075ea78956aeffe2f260de06b51c19e47c4ef8348f354ce2de64cf00a14fbd1395d6ce7d776a99129cd424a6c44a1c376184dbf7175b9c22fc35f45aa8b62ff00bd53ff007199e182f2787cfd1429e8b256d138acf6bf0ac7b4921a5a46527a033712bb7b25ee734188fa7971519c78f71866d0635ce738681b241041331a0eaa43bb84fba1e1831d41f42bcea8f6ed78df46fe5de9f9d1dfd92d0faad6916d4f2b680f3e2a639a028beec5139dc4b62dd6d27af1527aa2c56ef4d3c63662cef7642b79b6eb694bcbe0b45848971e0003a9fd55755f78ebd47921e5b7f086068ca26c098ba7fed15e062011f75b3c2e66d61df8a8760b69b69b812dcd0660ba27d12277ee7e4e556ba44a1a6a54199ee7922da9e82645a6eb4e39b586ae7db882e1a72bdffca4c3ef3b4b3296969000fba20c8f17c1cb56d1df39a793ddb24cf8889275e1c0dfb2b92456db243ba1be6fa351b4ea3b3d373834b89f132742e3c44c09e0adaa1886be0b4af33d2c617bc3a22499891add7a1b77f0ce14d8e71398b4174c4c917b8d573b4fa39a5adb1d6d5c2e76f6513db61a30f5a4d831e2489e0470539aec0e69078aaf37beae4a2e658173dad87165c4de33c0360b37a89ed32fc15f0575b5a5ac653fe8cc6d6324c4474f9ae0d5802220f152cde8f7a4b1a1d258c121af12733411e106749e0a3afab5058b9ed3a905ce07bc152c3e13259bcb39ec671fde8b30138ad508b16b5ddc006fc65b04f9a4a74c1bb67ab4ebde46bfbeeb419c778765c01c7fcab67702b39d862d74781ee0d8e44075fcc955461e011ce488e5cbeaac8f67b57c5559c0b5aff3983f30a29fb8935ed27012a40955a542a0244203294244201c210840084210105f696e79149a1a4b46773b909cad07d27d55598f707181cf8abcb79a8666b0c0203a1d3cb5bfa7c5549bcfb2f21cf66b5c4e51d8acaef591cb3429de3da22b54596a60bdd397c107a7e6b1a4dbabca8ded64c002f711f5e40471523dddc135d5b303983409336d04c08bdc7181d0eaa3f51d6868b9fb47d2c3a7ce149b7469435c6f39bcafa47c3d567ccf52d97e15ba48cb7a66a3cb4873f2810d2ecac16998178beb2dfc9eee9e232b7238307e10c697474971b9f33dd75b1db0218ecc7c6ef1923848195a79d963b9bb33355399b01b7d38e8a0d3e0a4b152e4e89e6c1cad61701126397c0582ed932132651681974f44e8582d38e78ca464bae54d95b7b46dde7d401f4db99c267592390fdfa2a8711b31ee1980101c5a6e241eabd318e635cd24b66342359e8782a93797775fef5efa2d0e6d432ea7690e3a91c0defc35524b43cf92bf6822c75d0f7d174686c915809786c71274bfc569c4d12d073022d2278c1e1cd3bc0e02a3e32986c8124f1d74f2d501dcd8bbb0c38a6d16bcd40c873ddf74091e180249d4448fcef9a0d0000340202af7713600a2d2f2e0e2e20933a800d88e57d2fc15814cd9750a4664dd413da0ec8a8f34dec6e766725f061cd397c2e17bdc1b75f313bccb5e2298734b4dc10546e552d08ae2f6519bcf44656bc1bb835b7e6d9f4b0f8a8db1ff00766409b1e07847252fdefa0e0c753049732a10d27ed3e0b8007fa88120f1ef650ac3ba5c7a832a8c32d2d33466a4ded1ab14fba5c354920719f4495db241ea9eec8c1b9eecd1205ccf257d3496ccf29b7a1f6cac382f0e70b413dc8fd9563ee2ecc731aface119c6560fe90649f32047651fc16cd352a318c16cd2e3c99a93e92acb63400001000803901a2af17b9ecb72ea5713604a90255a0ce0842100a842101bd084200944a1080d589a01ec2c3a11e9c8aae77a3045f2c2d399848ec23ebaf9ab2d70f787052df78dd459fd4680fd167cf1d725e517e1aef8bf9283c5d12c7906d2b5b35530de7d920b73b05e64f6fcadf15167d1807a2945aa9d9cb9735a3173f5837d07c1587baf4f3329b48fb4f008d2d9afdf8dd5784c10eeb23e61595bace2d2d76b0c9040801c60131e6e55655cb4bf4b313e3b7f849b6b546baa3c482040ed0008eb75b7756886bde78923e13f59f8ae0626be598d741df89fdf35d8d8988c858fe07c27b0312a7f3b2bd744b2a88ba47bfc3629738216b0f0382b4a90caa3c8d4f488d4f92e2e336617136fb569d6046abb988acc1248eeb81b436c3848602f20f2179e20f2b85c7a4593b229b5b6537c4c73010d73afae69bdfe77e838ac3098603293047002c235d06963fb95bb1e3158af0ce469b6568e7d753204cf44d06c8c4d0887bba03700cf09ea0a8b7d125d32c4ddbacd7d204680917e3d54818f55ceee56c55390f634b24924f84e960071bdbf6149a9ed42e8101be7e4a53488d22445dc92bdd0130c3d58173278a6bb476a31be0cc039d6689b9e71d40ba92656d158ef7d70dad55aff00b0f792088b6605cd3faf023bcc3de0c39c7edb4e57c684f078e863d7b8536df6a0d25c5cd9191a758e2411e51f12a1cd166137ccdc8eea012d9ef9430f712aa95a6ffb2ea7b49fe0db05847547656dc90a7182d9c288ca06b13d4f24d7777677bb198ddc743c2381f3539d9181062a3c5fee8ff92aa9bc95c5782d94b1cf27e475b17670a2cb8f1ba0bba721e4baad5a9ab6b56a9952b48cb54e9ed990592c42c948882108402a122101be51291080594ab142032958b802082241b1421010cdafb1431f22ec769d3fa4a836ded939492dfb263d7f615d3569b5ed2d70906c42836f1ec775239aeea7acf10ee00fca564b8a8adcf835c5cdad5792b3c1e18beab18264b847afe4ad1c0e09b4a9f866e49ed1603e1f150addec2138931a3788e13c3d27d15895a9f840e8bbbdd7f843c4ff00a719cc93274173f33f0014099bd38a12e65673439c486430b5a34000734f003e6a73b6aa7bbc3d77e8453781dcb4b47c4855b61e98cadecac44a17225382f6858e60009a4f03f1b0cc7fa1cd5ddc0fb4c06d5f0e40fc54dd9bccb1d047912a01eed62e6597764de292dfc363e8e31a5d4aa87b7ef3448734f0ccd371e8b1abb21d20b0db97cfbf1551e0dcfa4e1529bdcc78fb2e6ebd8f31d0d8ab0b77b7da95567fd4546d0a8df0bb34863f93987875074ecb8d265550e494e1f0ae6b61c6fd3e3f543308f26ee045e24692b452da945e25b8aa2e1cc55672e3751dde2df3a744fbba0e6d6a875735d9a9b3b96fda77f483dc8d0b4474db26188a4c630bea3dad68bb9ce700d1e6544b1fbed84a448607553fd0d86ffb9d123b4aafb696d1a95dd9aabdcf3c24d9bfdad166f904c19730bba458b1ebc936c4fb47a97f7587633abdce79f41963d545f15bc95df59b59ef12082224005b394c4e93adee091a2679534c532d2ba8e5c248b1769ed166270f4eb347da63c11c9cdcb2df5d3ba8be029cbc08b35f31ca4cfd7e0b2dd2af9995289b8395ed1c3f03fd4167a27f4b06e355b02ef7b47fda0a83fe4ff482f0bf098ec5c0e73267237ca4f21d14ada9b61e98600d6880344e1aa78e14ad10c96e9ecd8d5b5ab4b56d6ab081985905884a100a8421002108406c944a494a805052cac50805944a442016547b7cb690a744d3119aa022f1667de37b749f3e0bb95ea8635cf3a34127c946a96cbfe2de31150c36c0338100c81da67bdd4681c2ddcd9d91e6d770063b8b7cca9855c37e4ba0cd9ec0fce1a27f485b1f495530d36d96d56f5a203bf1878c0d73fd2cff00c8c558ff00101b6573efbe16703891ca939dfed877fc5522ea649040b1b853d16626f4f43afe3c2d6769b13ba1836c4b960695317c8d3dc4fcd47a34355e768d0dda20fd9049e4013f258566b5c65cd7364711171dd6ff00e2a4434c0e96f92e9e0375f118a67bc6398d666706e72e05d062400d36d45f92ea442ab4bb7b383fc2533a661e8b2686d3f0e6f5b2eee2371f18c048c8f8e0d7c13db3003e2b9149cf66763c10e638b5cd3c0f10bac84d4b7d1a4576fe21eab36d568bca7540b1fab187bb47cd6e660288321b07a13f551da2e534fb4d0c4389bf05a48990bb2fc23625a7c8c260f6402e3c341ccf044ce5cb5e467b171391ed749001f17f69b1f82b37773099eb1aaeb8a621bcb33870ecd3f10aa6a2d226782b2bd99e2f332ad3378735e0f4232c7ff90a7c537b3172d2d160316e694dd856e6299037356d6ad2d5b9a80c82cd6016480542124a015089420324210805944a44201651291080e46f3620b69060897b836fc85cfd174f67d20d635a2f0079a8def5d3754a9498d3a02624de481c3a02a5780a595806b0147e40e40485ab30885d030da1856d463d8f12d7b1cc70e6d702d3f02bcf5fc3ba8547d07fdaa6f730f583008e84411dd7a4ea3242a6bda8ecdf77886625adf0d41eedff00fd8d1e127bb447fa171ae8bb0d6abb226f7ad2f7a7583d9b5b11ff00b74dce1f8a219fee3652fd89b86243ab3b39fc0d90cf33abbe0a0a4beb22444760ec17e25f0c05ac9f13f80e839bba7aaba7656cd6b18d634435ad0d68e807cd6dd99b1dac00068005800000072002ebb684292466aad9cbaf841160a09be3ba6eab356937c710e6e99da34ff50f8e9c95a428ac2ae0c15dd1c55aecf373293992d2087030411041ea0e89d36a2ba36ceebd1ae3f98c04c59c2cf1d9c2fe46ca07b6370aab24d17878fc2f86bfc9c3c24ffb545cb34c669f0451d8985bb62611d89af94096b18e7bb5e10d02471920f914c71b867d2764a8c731dc9c227b1d1ddc2b1fd966c58a0eaee1e2acef0ff6365adf539cf6845232647a20f8bd86e0e748e04c4cd85bc3cfb705daf66f4cb1f581fc0cff00b9ca6dbc5b1a5a4e5078e971f9a8beecd32cae7fa9a5a7a90641f8155cdbe5a65353edda26cc2b7b0a6cc29c30ad052386adad5a58b73501984a0a4084064858a59402a124a5402a542100a508420042442023b5ea17631cd3a332e5e9e09f992a5586d1085006d2b26a10a47452b8db5f08ca8d87b1af1330e008906c60f14210e234e1b0ade5c175a8506f2421090e9ac094210818a1648422226b704db1541bc908408e1e3f034de32bd8d734ead70047a15d5d91876b18d6b1a1ad6801a058000580e8842033dab4c16190aa8c73cb31032dbf98df89123b210b3e4fe48be3f8b26ac4e18842d2503862dcd421019a509108054210801084203fffd9, ''),
(3, 3, 'Thon', 'แมว', 0xffd8ffe000104a46494600010100000100010000ffdb0084000a0708161515181516161819181a1a18181c19181c1818191c1a1a1919191c1a19181c212e251c1e2b211a1a2638262b2f313535351a243b403d333f2e343531010c0c0c100f101e12121e342b212b3434343431343434343434343434343434343434343434343434343434343434343434343434343434343434343434343434ffc000110800b7011303012200021101031101ffc4001c0000010501010100000000000000000000050001020406030708ffc4003b1000020103030204040405040201050000010211000321041231054106225161137181913242a1b11452c1d1f00723e1f133628217244372b2ffc40017010003010000000000000000000000000000010203ffc40022110101000301010100010501000000000000010211213112415103324261a113ffda000c03010002110311003f00ddd38a84d20692b4ea2b15e3173f11076cff004ad906ac978d6df955fb831f7a57c13d6795e2baab5504693cd18e8ba5f8b7150f0327e5e949578d6f86745b5379196cfd3b51b66ae09715005e2a6cd3548481ae8b5c56bb0a649d2a54a80552a8d3cd0089aabacd5adb12793c0ee4d74d4df08a58f6acfa3ef62e4c927078103d07f9f3a8cb2d727abc71df6f827a0ea6aedb6083da6895662ff9086038835a6533068c32b7728cf193b0f152a54d3568235cdae0151b9722aa3b934b6722c36a05717bf5cb6d2db42b50cd76b9bdd35d36d264a901da8bedc0aa7706d52cc6afdf85926b07e31f1247fb2872704fa5677b74d66a401d7dd17750c471302bd2bc2da2d96c7be6bcebc39a4deea3e46bd77416b6a815a6319655700a78a7a46ad0893489a7229a904269528a5404e29014e2950ad9c0acc78dbff09f98fdeb502b33e37b805869ef007de95f046134ef9fd3eb5e8de18e95f0d37b7e36827dbdab1be0dd0fc4b9bc8954e3d3757a621810289c1433596cbb1c980481f4a1d735372c1992ca7f29fe8791475a03348e483f702b8ea6c06c408ac67fd6bc74e9bd492f0f29861ca9e4512158bd5688a1dc85948e180240f63824d13e95d78b0d974057027b80c07273c77c1f435ae39fe567963fb1a2a71545fa8a050d3ce3d44fa6284757ebce8555219e039b63276348064c449040f976aab944fcd69a989acd5af1183b41741bedfc5463214a02a093ff00b49e2ba5deb4851c87f32ab0c8232013c734ae521cc6d75d5ea15db713e55242fb91f88c1e4769fdea1b89cf00713fa0a0ba0d5975dc57ccd2c24c7ca4fb01450df1b6383fb9feb59cef6b4bce472d55cdc09f4047d4d69f4e21141e768fdab2a584a8e7ccb31ee63fad6a58d3c3db4b3f244cb5737bb5cd89a832d69b67a33bcd46454be1d2d9419a94528a6a01f6d57d45edb560d55be9229539e81f50be581f4af29eaf0fa868ed8adc78c7af2e9c6c512edfe49ac0e8417793c9326b392ef6d32ca6b4ddf833459dc6bd16cae2b33e18d2ed418ed5a94e2b48c6fa98a7a84d222a888d31a7ed51634a8437d2a852a02c0a548b534d0a485667c6ba46b9676af32bfbd694555d7248a5440ff0ff004d5b1695473dcfa9ee68bab570435d4531a2be92377703f4ae2b708c4c8f7ab69433a95cd8c5440119e3fa9c56394d5db4c6ef8afabb893cc91c99c7cb9c566ba896571b615f2c07a8c2b2c779078f51ef456db2a21678258908091b6731807b9ff26a9b7c572371da83822430249f2c1c91f860c0f63c8337aabce4643abeb9d12103a383f88925a1f77900c81eb03b2f7a31a8bd1f0c3b36f7d321b80c1626caff00367cc05c66c7a0f7aade27e98acb7361dac15ae911261176951dc02003e9e6e39a8f53ea22e2699959515d25f064152a1958ce54ee680437e29e2af1ec677d3f51b7716da6ad1a12d1646427f15b6b8594ac0c88ce7389e440256ba835d123732951b49920076113ba7014ccfa0f9d67fae7510da14455015eeb019c00ae58163c990673c4fb513d237c0b8ba60310857d4eeddbb1df3824e7cc4c889a2e22642fa5ea36d4aa6cb849da4e32b23ca18f6244133dcfacd13d4ec7510f247986de71f9481c7d6b37aaea211dadbeedff00999555659c03963e5cce0419ef9c0eda56025d643110dcc383b49c81d862638f414b7a5410d05d5df1bcc05c930048e1813ee315bc569135e4cb6aea5dde3cd64b01e52372fcc0c802791c47a57a974c70c820cfceabfa735297f52eeac5222a514c4568ccb6d408a733518340311508ae86b9bbd0667343f5b72055d6342fa83454e57878faf23f1c127539f4a7f0c69b738ae3e283bb5266b4fe08d1c9dd144f21e5ed7a074db5b545135aada758156455c664d489a7a540466a0c6ba31ae478a543952aaf72f4138a5405fa79a614e2851eb8ea4796ba6eae7744834a88ad61aad2d52b0d18ab68694abb1dc503f14dbb8514a2ee724201eb3dc9f41c9a36a695e7849e4f03eb46537132eaed96d374c6c6e0a081b49191bbbb0f7ed3debabe82e23072c480c21077ccc99e23d0477aa9d5bc4c6dddf8166cfc67cce485047338c019cd72d76aaf96b2b79f607b6f1f0a400ea52177b64f9779881c1ec2b1d48d376b85fd2edea4afb26cdcb371240c073e660d8c1cb7ddbdeb303a56cf89637136d5d4a191dd90f192328c0e3d32608ad074cd76a145d2d719d11c808e8b0c913e5700198239c663e573a869918adc4595bb6e67b800cc476c9e3d41abdcfc673b36cb3e9006b4481702380a0f025a1a78c0001cfe6c63b9ed47490da8b5ac760896d1812de524e7600076c93f614da7d236f5c103ca0e3102240f40338c73f3a7eadd7ed8d51b4d84b6a00247943b09625bb18c64620fa982e5a9b549be2adbea0801bd6ed5d7463f8c4724a8dde66fc2368007eddaa6b7af5ab17595d2e731b4a8000f72dcc6702ad68ed28416d5ff00fb7dfb9ae6d00145208b68147fb8c602ca83c924cc03d75d7d354c59ac936cee06790ab993027b0c0fbd2e5efe09b93fdba6935d6f0f6d94db69057e63cc187632267dfeb5bae84aab6c04fc388f94578e6998692ef67b1704920efda0cc434723138fdabd3bc1daf571b53ccbb41ddd8cfec6af19aa9cbb1a9069034891489ab41134c4d44d40cd07a27615c9aa4c6a0cd41b9b3503eb7aad88cde80d1ab9c564bc56e7e1381e86a32abc23cb5afb5dbcce7927f4af58f0968f65b1ef5e61e1ed36fb8a3debda3a5d8da807b5569144ed2d75a820a90154938a6634e298d01cd8d70bf7207a5762686f557c47734a805d46b618f9fbd2aa37ae2024471ef4aa4377baa334f14c6a9671489a6a626801aed0e455cb4f43b5edb5c1f5ab3a7b93594bdd34b39b1046ae5d4af14b65c0961c0f527029d0d77080e0fa83fad69ec6579592e89a270f75dd4977f2c11063310493cf35535caeb36ae80e8658290c1811905181956f710051eea77ed25c666df2bb6021659ef9839e281bd81a87564b77fcec433dc6da0281f8428604a9f48e726b2d34da9d8d3a5d5753fc42ed04852ca1491912eaa1c0e3efcd5bf06dd2da608d00a96db0416d9b88531da6307bc516bf696da36ee002481cb000181279edef3417a85d4d35ff008c55828b4f07f297850149e013efe87eb366b90f1efaedaf250ee0dc664fe11f3fb5657a4eadff008d6be8c4ab82a5a257761676fe618533ef5c759e27571e45725f0411c4f6e73f4a25d16db59d301f0e2e3ee0802ef25b6b3292381c77314b1994f5596bfc44ee682e197770edc820952627b7e100463113f3a0d77a92a6e1787c304f9b6dcdeec3f9005e39c920449fa6cfa76e7fc6144803682bbb853900e3935cb5bd250065080ab7283689f99ef5a32677a5dad3bdc65b2014b881f6b18dac18c8f5008831fde8f7827a58d3bdf86054b0db0498113b4cf244f340b55e1fb16ca6c0f6de6560c9f71ba0e3fbe28edb75d359777793f8d9a406f6e4824cc09a78deecaf8d99269f71ac75cf18fc209f1170c01dd1882244c4e6af68bc5b66e09561fa8fdc55cea6b47ba98bd52b5d451f835dc5d07bd31b4d9ab99a99a816a0dcae9c5613c6fae0969bd5b03eb5b5d65d815e6be3c04aacf338acf2ed91a63c96a9781b4fbae4c715eb7a65c5607c01a4852deb5e8568002ae32aeea69c1a65a53544913516a5516a020e71598ebdabd87e55a0d4dc815e71e27d6ef71690cbbb05007a9303f7a9a1db47a0bb7505c09f88b7e8c47f4a7af43e9ba45b7692dff2a81f6a54b469cd3d441a666aa5244d449a896a816a901fd5c706968ccd4faa98426013efc7dbbd0bd0eb0b0127e9c0fa018159e575936c66f16911bb63fcf955ab239f97ca855abb5656e6d20998fefebe95a4ac72889b0abb81424b1e7907e7338f731cd51d27514772aae4c12b8955079da0c64c760092339e68d5d6dc31b4fae623ed41b5fd3b702618608f298620fe50c3804e7181ce4c54d9a12ad757b3bedc0da71b4864f880cc608fa09a016a15594aa14dcc420b4ca65d99fb9827227de7898ab9a66bd6142852e22488808bc2db41ee7d4e064cce2f5ab765c981b584488313ec6a72c77c8bc72f9ed6234be1f44d57f11b5b641655680039c1cff2804903dfda8aeb47c41e62e0191b03944860e0cec92d00fac601c56ab536030023142b54f6f4e809009e07b9e63f4a9b8ddf69fd4d72386990584dcecaabd82a85131000dc49248000339a0173a93ea58f9dada0e1c84657f50411287db3f4aab7fac6fbce1c9643e50201403b8613057bf782279c550d6f557042a29563b908521e5973b181100c641cc839cc815dd713e7a34fa8f8690a83d649772ea3965ccbc6264103d6b2fafea475aff0c6e0b33bc4418e37a4e40ed047ac1aedd3b4371cb17f2a861b909256790cadca309e419e7206095b3756dc3f9820c17e1cb031fee240de307f10fa8a7353b0aa577440d96b3bcc6c508548db2aa085826648e640e4d61ee17b6d077291f315bae836773dcba58fc3860409e64410204188ed19c1355fc4ba2675dc9b481cac4961d88f7fef5a6338cf2cbba09e95d575054943b8acf7cfdb9ad1f44f199ca5ec477fefe9587e95d41f4f777a8f62a476eff2f9d6db53a14d4d9dc9b03988ec47ae7bb7ce96eca7f3b6d3a775a471869fe944f78224578c58ea2fa672bfc8595873b8f724cfe95b2f0e788778009c647355e97f6fad3ebee802bcbbc67759ef22ce338f7af45b9a85639fa7a579df88fcfaa0a3811fbd67dfa6db9f3c6dbc1da7db697ef5aa5a15d12d6db6a3d85165ad278cabaaf14aa229e991135076a4c2b8de314004f106a1b61087eb596f077422faaf8ce77049613fcc703fad1cebf7f6a93198344bc1ba629a70e7f13f9be9daa7f4c7a69536ea5544a86e8a8879a1ca1b92453b5f23d2a36d34225e9d3de82ff1c077155aff005703f30a5f4af9a2bd550ba155e62b25a666b4fb1f047eb46f47d4d49c30355fc4ae16d9baa619720e247b8f7a8ca7d75a6197cf28959be073f8bd3d3ffdbdfdbefe947ba724a924f3fe7debca3a4f5a85decc1705b71e1514ed673ebe63b547e669f4cfa3f47ea0a6ccc4012083cc8c104fa8320f6906af1dcf59e7afc5dbda5607c8c14193c033ee7fced55f4d7dc122e01b4180d232392c4018fa139f4aafafebf69172ea3d44e557f9881903df8c8aaadd66d91e421d986e51963b2546eda321723981fbd2df788d73a3e20e6b92db1bb8edfad53b1af5e0b09f4c7d38ab897c1e0d57a9f0c6df6acef88b496c2335c24889c920607b7b0fd2b4acf590f1a6b1366d6381923b4419fac71ef14b2934ac6f5e75a9b6f798aac2a293982001c1e049fb7714412fdab41c311bff000313921d0794b0892391f207d6865ed5bde252d20dbc100727304771dc63d7e956f47e1b3045c60189100139201246013c34fad2e4e5576f62a752eb6f725208139060e578eddb8a9f45d3df7650a0ec913ba76059139e3ed9c4d1eb5d06ca1dc6edb2a08dc489278900c0607d473ed566eeb99ffdbd28555532cec1d76e2246e5f29807bc113c53dff09d7f2bb75d2c1da8c9b76ed85d83cd1f8641c9f702b82db66557fcdd881820fe203300f263e719e73b6205c2aadf1119b733021811dc923018133f28e41ad858d7a3a32dae6dc332b603601c664e0fed5519653af38d65b9becb3f988ee7e9ebed5a4f0fea8216b059403904282deea5bb08ec2b975cd27c50760121998ac99303901b271191de8325e36f6b01e6c34103b727f6a2c698de0df89ba4b126e6d0a0649c2c888076c0f4a05d2b586dbc838e0d6c6d5fb7ad501c3330527b0406224f7fa56375da5d8c50ee18c482263d279f9d2c68ca3d0f41afde3638c7f4f6a85ee9e85f782091983cfdeb19d3fa9b2ed96e3b47a715a0b3af4babb59b69ec463e955eb3d59e37fd2f50aca239f4ef4455abca747d52e69ae496dcb319e48af47e97d452fa06433ebf3a67052a0c6a21a907a0d226aaea5b06ac31aa1ad6c7b52a19feab64dc7541dc815b1b56c222a8e00028074c4df7b746167fb0feb5a163344054aa314a9803b9d3dbf98d707e92c7f39ad1eca60946a16eb20fe1e1fccd9f73552ff8495864b7deb722d834cd6a8f987f597f2c158f098432acdf7357357d0dae27c36630715b0f874c6d51f307d64c20f0b094024221570b33b8a08b61bd87a772ee7bd6bfc3bd3825a28c58e499624b1f5f3133fb7b002ad7c1a9d911edefde8f92dddb3de25f0d8bb3b65667f0c0ed024fa7b563b57d17516d6e05bac5dbe1cb9f45dc6011cf004fb0f4af53d538898ffbaccf55d50527cc30a0434851332400249fdbef18653e6f1be37ea75e79686ab4e19a0b6eee5b803d0763049fafb55ee9be28be861d62048249e00983eb27bfa4d69d9777e2323812013f84493dbd702286dfb68db895c0620797b47cf9063edef4bff4bfa7f105b53e28554399223ff97955a14773903e7599b9a1b9ac517ae974427cb6c0fcab00331f58cfd269afe9b63799976c88048fccdb1083db0bcfbfdfb9ea64ac209701914150401125891cc63b734ee56898c95c75daa4d3816eda79b103271dc1f45f9fa1faf1df7dc6e62c844c943b410463ca0f988f2906319e629f52a9a6f33c35c6c37782d024c91da7fe6856a3ae1f38daa646dc130062636f04e733db8a525be0b64f47ecf4c5956bd71dcb02e0123cd11f88981191ed9154fab751171c59b69e43b64485900ce0c8931ee67deb3b72e5d7cf9ce0f7688cf61e927ee68a74bb6b662e3b2bbb612dac1696e1a3b7a62af5a46f6bdd36cef7296894b4b32c49f341323cd23139e3b55fd4dc4446b6ad122032900ed21bd0c91ce27bf1815435bae5b7b91201620b00ea00819daf8da33c1342f53d42c04da8837113bbce086f6cc15c9e4cf1552a6c16667408c491b54098764800412c3f0fd7fbd04eaba796306606e2cbc67f71507ea0e409769f7388ce3f7a92ea83e0c2982bb8707e6055234b5e17d76c7285b606e48f6e2268f7883a78be86ea992077c340c49004b56336146962411f84cf71c67d2b6fe12eaff150a36197869ec7b11c9cd4d8b978c52f95e09262a762f946278f4f6a29e2cd07c3b9bc641264850141f491c9acfb3d38547351a90ea18f2067dfe7567c2bd6dac5e00984639078f9d67ad5d8c7ad31e714cb4fa06ddd0c011dc574ac9f827ab7c5b2aa7f12f94fd2b540d1015e71141ba9bc8c1a21a969a0faf330bdf9fb52a62fd12d85463ea68813e9553a6dadb6901e633f3aef314e125ba9573634d405b8a63483d466ac93a51502694d00eb528a86ea5ba80722a2693354666904ddc1c771f2ac7f5ce9eef1e6520fe2204b15992aa0e333f38119ad52c21776242c7024fd6009aad635565dc6d752cfd8cce070030c7cbe7596737e34c6ea30fadb57d5d004616e093006405908187cd44fb1acceb75972428110d9ec1b6c3e01f7073ec3d6bd8352e0ae19672a3e78c00707838e6b1ba6f0e7c7ba6e5d6c213b768da5e0ccc761c7af26a35abd8d265b9c65763dc4450ace392104c9698904760392396f9512d35b70b3b42912aa59760c7202b798f6cc1e3ede87a655b681428dd1388103d0c67fea86f53d4db2bbc85658624b4eddaa60e58803e7c7da8b04af3eb9e1bd4dff00307572df8a18e086302080600dbdb9ed51d3f84b528d06d126471b4883dce7b735a6d2f8b112e42226c2ac59d7bb01c811078ec7b7ae2ac3f5f616cdd31b829920b4083804ced99c66791eb4fbe279b56d1f85ee9037ec418c61e460f04620fb1f9fa3750f0e5b5f35dbe4edc803ca07720fb1fd89e7b0dd078a2e5d5766c3e62206003059a7d18faf1f3a0dd43aa17750c3ca54a9f60c4098078cc7cfed4494add8ce9b4da44b9ff8d9b04a292be62624a9fc241c10490049e00a8eb7a2e9dad97b105d0010e490001d801e67e5be7271c567fa3b293b6e64a1c1903b895ce0e7f7a397756a1dc06fc21b85652227060fb7b8f4c9abddde93a659ec42ee1f97041c9dddc93c007dbd2bae9ba86577a2b81d88da40f62335c6e1db76542993c4023cd9c0323838ccfed5cae42b9da3138f95501ed7a5bbc9b9011826188dc1b2401ea3fcc50ce977991d59089831f3fe53560eaa002b1020e33b4fb86c8ff9e4d70d482af0a70e43ab4646e13fe7ca9511a3f17ffb96acb8024a90d07138381c7d6b1a44735b6d7a9fe104f01c463273188c564faa582adc46ef36d3c8f9d128a4d6e54301888fb5369919a540f7ab5d34cdb753103cc3fe29fa7ea8233315dc3615e6083eb46c69a5f025e02e3a838c18fdebd2034e6bc83c257a35133835ea96af48c510aa5a8bb422edf138f61f731563a8dd8535983d554ea2ddb5fcce83f59a287a3868007b57067ed5cef5fcd55b9a8f9532dadfc4a5553e30a5416d7fe21f43f6352476fe53f634508a53565a0f0cc7b1fb5252dfca7ed4429e6830e6de7f29a8c3ff0021a233481a006307fe53f6ab1a7b449938ab64d2dc0649e3febfad2a200ea755ff009a385655c88da0229807b893323d48ed5e7fd5f5497937030ea444c1f2a92704f06377b7de8d7887a99b5aab8aff0081c2c646080b969f60e23bc0f4ac2f5abe3686b6e0a16703b153e5620472a774f0238f4ac7b6b5dc91a1d275a76b6cae51489648da432af7044e78e7226a5e1eebc0ea6380e25e7f330033882091cf6c6622bcf8bf39fd6bb68b53b18377ec7d3e555f25f4f67ea7d48412ac98f78851eade9efee2b30fd451f726e690649c03338fff009c6e04e0fb9a19a4eaa1d3cce0bac6598898c8279ef1cfa9a60e8b70dccc98ef38e7b6062067b4d4e95b0aeb37fe11f8483392c4e5b3c02c73ff005da88e8883a68247e0396c91df04fcff006a0fd5f4a5dddd4f2732467072bed223e74551d36058883078049899ff00db2060d55f11fa5d234aa8801c336e3ffb0e16626186463d7daa875646664932724992602edf6c885931de6899d4a0312b2a6047201004004e3307ff008cd51d45e42c236985dbe98320113c403cd0611d3337029c86201931191de7d851e6bc8755e5c4a156ce3709520c8e31fa0a03a4744b9b89955263dfb08ae76354558b8fc4498f624ccd3b3652e92ea0917081c7d3ed8c53ea6e9639e713800c8ffd80fdea2ac598bb024ccc672692692eb9908c4fb034cad272409cfa67b7b576b9709f87da1467bc03fe62ae59f0cea987fe22073e62a3fad13d3784350594b0410b105a44e7b47b8c7fd51aa5f51d3a8ea07f0e36c80586446d9c183596d76a19df7b627b4408f6af435f0cb3db4b7718633e4c03e82a23c2567f3296ec249a2634ae71e7da5d614988c8232279f4a67ba0111dc67e7ed5e923c2f607ff008d647b4d48786ed8e117ec314fe4bed9cf06f4f1758e608ade59d2dcb6449dcbfad0d1d1d547946d338dbe59fb5585b0e008761f5991f5a5f22e5b71eb97e04fb706b15d33521b5b6c98fc78fd6b6da8e9c5c1dc49e79c6285a784903a3a960cac0c4c8319a343ea685faa751dafcc662870ea7b8850ddc8fb575ea7d1ee5c3b94af7807fa5016e8fa9b6d210b0993b4833f4a69eb476b5460734d427e25c1cda71f43fda952d0dd7ae52a54855aca9a9e694d00a695214b7500d14a29c52a033fd63c25a6d4b6f756dd1cabb2fd63826319e281dcff004cb4c46d172e81e92a47b769addcd28a9d41baf3e7ff004c2ccc876f940ff26a6bfe9b5aeed3f4adf7d29851a1b6193fd3ad30e44fdff5835dbffa7da6fe569f50ee3eb83835b58f6a614f41886ff4eb4c632ff2de63031f3ae6ff00e9c69ff9dc738dc4f35bc0298d2f91baf3e7ff004d6c9e1dfeb06a27fd37b5d9bf4ef5e854c452d0db04bfe9edb1de7e915657c19687e40627993f2ad94526155a2b196b5e1d44e1107d267b77ab49a261c2a8f951e8a636e9ef45f300bf856e3bfefcf3f7a5fc3b4f7f4fef8ff39a386dd40daf6a365f30216c9f4fd4fe9f6e2a411bd0c7bd12291daa26df146c7c87aa1ee3e924d32203c88ff3febef443e04fa7f9f4a89b446627f4a3634a7b040a46d29edf6e3f5ab4d6cf3ff314ccbec68d8d2b2d85f4fbc8a63a707b67e7567649ff003fc34cc9edefdfe54c2b9b348d9f6fb5582a7f7a60296895ff0087f9d355993e82951a1c18993489a54a93428a42952a40aa514a95308c5214a9500e44d352a54c11a54a9500f22989a54a8040d316a54a80469e952a54189a6df4f4a8069a534f4a808d3834f4a8084526a54a9830a622952a0222a256952a40b6fad73f8439a54a8231b67dbfad4593b7de952a09c4a1f6ff003e94f4a9531a7fffd9, '');

-- --------------------------------------------------------

--
-- Table structure for table `petview`
--

CREATE TABLE `petview` (
  `PET_ID` int(11) NOT NULL,
  `PET_NUM` varchar(5) DEFAULT NULL
) ENGINE=InnoDB DEFAULT CHARSET=utf8;

--
-- Dumping data for table `petview`
--

INSERT INTO `petview` (`PET_ID`, `PET_NUM`) VALUES
(1, '1'),
(2, '2'),
(3, '3');

-- --------------------------------------------------------

--
-- Table structure for table `reservation_order`
--

CREATE TABLE `reservation_order` (
  `RESERV_NUM` int(11) NOT NULL,
  `SERV_CODE` int(11) NOT NULL,
  `CS_ID` int(11) NOT NULL,
  `CHECK_IN` date NOT NULL,
  `CHECK_OUT` date NOT NULL,
  `PET_ID` int(11) NOT NULL
) ENGINE=InnoDB DEFAULT CHARSET=utf8;

--
-- Dumping data for table `reservation_order`
--

INSERT INTO `reservation_order` (`RESERV_NUM`, `SERV_CODE`, `CS_ID`, `CHECK_IN`, `CHECK_OUT`, `PET_ID`) VALUES
(1, 1, 1, '2021-06-11', '2021-06-13', 1),
(2, 3, 2, '2021-06-16', '2021-06-18', 2),
(3, 2, 3, '2021-06-15', '2021-06-17', 3);

-- --------------------------------------------------------

--
-- Table structure for table `service_available`
--

CREATE TABLE `service_available` (
  `SERV_CODE` int(11) NOT NULL,
  `SERV_DESC` varchar(15) NOT NULL,
  `DAY_PRICE` int(11) NOT NULL,
  `DEPOSIT` int(11) NOT NULL,
  `ADD_PRICE` int(11) NOT NULL
) ENGINE=InnoDB DEFAULT CHARSET=utf8;

--
-- Dumping data for table `service_available`
--

INSERT INTO `service_available` (`SERV_CODE`, `SERV_DESC`, `DAY_PRICE`, `DEPOSIT`, `ADD_PRICE`) VALUES
(1, 'dog', 500, 250, 100),
(2, 'cat', 400, 200, 100),
(3, 'rabbit', 300, 150, 100);

-- --------------------------------------------------------

--
-- Table structure for table `service_provided`
--

CREATE TABLE `service_provided` (
  `SERVPRO_NUM` int(11) NOT NULL,
  `RESERV_NUM` int(11) NOT NULL,
  `TOTAL_PRICE` int(11) NOT NULL,
  `TOTAL_DATE` int(11) NOT NULL,
  `TOTAL_CHARGE` int(11) DEFAULT NULL
) ENGINE=InnoDB DEFAULT CHARSET=utf8;

--
-- Dumping data for table `service_provided`
--

INSERT INTO `service_provided` (`SERVPRO_NUM`, `RESERV_NUM`, `TOTAL_PRICE`, `TOTAL_DATE`, `TOTAL_CHARGE`) VALUES
(1, 1, 1500, 3, 300),
(2, 2, 1200, 3, 300),
(3, 3, 900, 3, 300);

--
-- Indexes for dumped tables
--

--
-- Indexes for table `camera`
--
ALTER TABLE `camera`
  ADD PRIMARY KEY (`CAM_NUM`),
  ADD KEY `PET_ID` (`PET_ID`);

--
-- Indexes for table `customer`
--
ALTER TABLE `customer`
  ADD PRIMARY KEY (`CS_ID`);

--
-- Indexes for table `employee`
--
ALTER TABLE `employee`
  ADD PRIMARY KEY (`EM_ID`);

--
-- Indexes for table `invoice`
--
ALTER TABLE `invoice`
  ADD PRIMARY KEY (`INV_NUM`),
  ADD KEY `SERVPRO_NUM` (`SERVPRO_NUM`);

--
-- Indexes for table `pet`
--
ALTER TABLE `pet`
  ADD PRIMARY KEY (`PET_ID`),
  ADD KEY `CS_ID` (`CS_ID`);

--
-- Indexes for table `petview`
--
ALTER TABLE `petview`
  ADD KEY `PET_ID` (`PET_ID`);

--
-- Indexes for table `reservation_order`
--
ALTER TABLE `reservation_order`
  ADD PRIMARY KEY (`RESERV_NUM`),
  ADD KEY `CS_ID` (`CS_ID`),
  ADD KEY `SERV_CODE` (`SERV_CODE`),
  ADD KEY `PET_ID` (`PET_ID`);

--
-- Indexes for table `service_available`
--
ALTER TABLE `service_available`
  ADD PRIMARY KEY (`SERV_CODE`);

--
-- Indexes for table `service_provided`
--
ALTER TABLE `service_provided`
  ADD PRIMARY KEY (`SERVPRO_NUM`),
  ADD KEY `RESERV_NUM` (`RESERV_NUM`);

--
-- Constraints for dumped tables
--

--
-- Constraints for table `camera`
--
ALTER TABLE `camera`
  ADD CONSTRAINT `camera_ibfk_1` FOREIGN KEY (`PET_ID`) REFERENCES `pet` (`PET_ID`) ON DELETE RESTRICT ON UPDATE RESTRICT;

--
-- Constraints for table `invoice`
--
ALTER TABLE `invoice`
  ADD CONSTRAINT `SERVPRO_NUM` FOREIGN KEY (`SERVPRO_NUM`) REFERENCES `service_provided` (`SERVPRO_NUM`) ON DELETE RESTRICT ON UPDATE RESTRICT;

--
-- Constraints for table `pet`
--
ALTER TABLE `pet`
  ADD CONSTRAINT `pet_ibfk_1` FOREIGN KEY (`CS_ID`) REFERENCES `customer` (`CS_ID`) ON DELETE RESTRICT ON UPDATE RESTRICT;

--
-- Constraints for table `petview`
--
ALTER TABLE `petview`
  ADD CONSTRAINT `petview_ibfk_1` FOREIGN KEY (`PET_ID`) REFERENCES `pet` (`PET_ID`) ON DELETE RESTRICT ON UPDATE RESTRICT;

--
-- Constraints for table `reservation_order`
--
ALTER TABLE `reservation_order`
  ADD CONSTRAINT `CS_ID` FOREIGN KEY (`CS_ID`) REFERENCES `customer` (`CS_ID`) ON DELETE RESTRICT ON UPDATE RESTRICT,
  ADD CONSTRAINT `SERV_CODE` FOREIGN KEY (`SERV_CODE`) REFERENCES `service_available` (`SERV_CODE`) ON DELETE RESTRICT ON UPDATE RESTRICT,
  ADD CONSTRAINT `reservation_order_ibfk_1` FOREIGN KEY (`PET_ID`) REFERENCES `pet` (`PET_ID`) ON DELETE RESTRICT ON UPDATE RESTRICT;

--
-- Constraints for table `service_provided`
--
ALTER TABLE `service_provided`
  ADD CONSTRAINT `RESERV_NUM` FOREIGN KEY (`RESERV_NUM`) REFERENCES `reservation_order` (`RESERV_NUM`) ON DELETE RESTRICT ON UPDATE RESTRICT;
COMMIT;

/*!40101 SET CHARACTER_SET_CLIENT=@OLD_CHARACTER_SET_CLIENT */;
/*!40101 SET CHARACTER_SET_RESULTS=@OLD_CHARACTER_SET_RESULTS */;
/*!40101 SET COLLATION_CONNECTION=@OLD_COLLATION_CONNECTION */;
